,clouds.all,coord.lat,coord.lon,dt,main.humidity,main.temp_max,name,sys.country,wind.speed
0,0,-33.21,138.6,1554221225,78,48.38,Jamestown,AU,4.61
1,0,-42.88,147.33,1554221175,62,59.0,Hobart,AU,10.29
2,75,5.28,115.24,1554219000,78,82.4,Victoria,BN,6.93
3,64,-38.31,-60.23,1554221209,51,79.88,Barrow,AR,19.04
4,1,60.79,-161.76,1554216960,92,28.4,Bethel,US,6.93
5,0,14.2,24.66,1554221286,15,89.6,Kutum,SD,3.83
6,20,-20.46,-66.82,1554221286,43,54.77,Uyuni,BO,5.39
7,80,-17.53,-149.33,1554220950,74,82.4,Tiarei,PF,4.7
8,75,11.24,-74.21,1554221064,66,88.0,Santa Marta,CO,6.93
9,20,47.66,-52.73,1554221007,47,37.0,Torbay,CA,34.45
10,0,-8.45,118.73,1554221289,100,73.49,Bima,ID,2.37
11,0,-46.19,168.86,1554220807,88,46.0,Mataura,NZ,3.94
12,100,-31.43,152.91,1554221105,100,60.01,Port Macquarie,AU,4.7
13,1,41.28,-70.1,1554221030,48,46.99,Nantucket,US,19.46
14,0,-33.93,18.42,1554221179,38,75.2,Cape Town,ZA,17.22
15,64,59.7,150.17,1554221291,81,20.66,Arman,RU,3.15
16,80,64.9,45.76,1554221291,74,34.61,Leshukonskoye,RU,8.19
17,88,-28.29,31.43,1554221291,92,61.34,Ulundi,ZA,3.6
18,68,50.68,156.12,1554221292,100,30.74,Severo-Kurilsk,RU,15.23
19,76,71.98,102.47,1554221258,87,20.84,Khatanga,RU,10.42
20,48,-34.42,19.24,1554220876,70,75.0,Hermanus,ZA,10.0
21,0,-46.28,169.85,1554221178,71,50.0,Kaitangata,NZ,5.01
22,68,-14.38,34.33,1554221293,67,73.22,Dedza,MW,7.74
23,40,-53.16,-70.91,1554220955,58,55.4,Punta Arenas,CL,31.09
24,20,35.73,140.83,1554221075,74,35.01,Hasaki,JP,3.36
25,40,-54.81,-68.31,1554217200,43,55.4,Ushuaia,AR,27.51
26,48,62.67,131.17,1554221293,72,17.24,Borogontsy,RU,5.17
27,20,39.45,22.34,1554221000,42,66.2,Saint George,GR,13.87
28,12,69.7,170.27,1554221294,81,21.92,Pevek,RU,16.46
29,80,-23.12,-134.97,1554221223,100,75.56,Rikitea,PF,15.23
30,0,2.67,72.89,1554221294,100,83.57,Kudahuvadhoo,MV,4.5
31,75,-20.41,57.7,1554221040,83,80.6,Mahebourg,MU,6.96
32,88,-8.88,147.74,1554221294,98,65.57,Kokoda,PG,1.48
33,0,11.67,92.75,1554221295,100,84.74,Port Blair,IN,4.16
34,44,5.4,125.46,1554221295,100,79.52,Sarangani,PH,5.95
35,68,73.51,80.55,1554221295,99,23.72,Dikson,RU,25.75
36,12,25.6,100.24,1554221296,85,50.27,Dali,CN,2.26
37,0,47.59,7.56,1554221267,24,69.01,Saint-Louis,CH,16.11
38,0,-43.03,147.26,1554221295,62,59.0,Margate,AU,10.29
39,88,67.47,86.57,1554221296,89,27.77,Igarka,RU,14.45
40,20,-38.55,-58.74,1554221297,65,81.32,Necochea,AR,19.71
41,0,20.0,95.55,1554221297,95,69.44,Taungdwingyi,MM,8.41
42,0,-33.64,115.35,1554221106,38,63.0,Busselton,AU,21.72
43,12,27.5,88.54,1554221297,72,24.98,Mangan,IN,1.7
44,88,-33.59,26.89,1554221042,83,64.0,Port Alfred,ZA,7.0
45,0,4.66,119.39,1554221298,99,82.04,Sitangkai,PH,11.77
46,20,50.2,-66.38,1554221004,39,33.01,Sept-Iles,CA,13.87
47,90,71.0,24.66,1554218400,80,33.8,Havoysund,NO,2.24
48,64,-21.21,-159.78,1554219000,78,78.8,Avarua,CK,13.87
49,20,-22.97,-42.02,1554220800,58,82.4,Arraial do Cabo,BR,5.82
50,1,35.2,-111.65,1554221203,30,57.0,Flagstaff,US,3.15
51,76,31.86,10.98,1554221273,65,64.49,Nalut,LY,6.06
52,88,-2.02,147.27,1554221208,95,83.75,Lorengau,PG,9.75
53,20,62.45,-114.38,1554220935,77,3.99,Yellowknife,CA,10.29
54,92,65.95,111.51,1554221300,88,29.03,Aykhal,RU,6.73
55,20,-13.71,-76.2,1554217200,30,71.6,Pisco,PE,9.17
56,8,44.96,35.36,1554221301,85,47.93,Ordzhonikidze,UA,17.13
57,40,-12.74,-60.15,1554217200,66,86.0,Vilhena,BR,6.93
58,75,4.94,-52.33,1554219000,62,87.8,Cayenne,GF,13.87
59,40,-0.17,34.92,1554217200,58,82.4,Ahero,KE,13.87
60,90,34.64,-120.46,1554221043,87,62.01,Lompoc,US,5.39
61,0,-33.36,116.15,1554221106,38,63.0,Collie,AU,15.9
62,40,6.8,-58.16,1554217200,66,89.6,Georgetown,GY,13.87
63,20,-30.17,-50.22,1554221302,81,82.22,Cidreira,BR,2.37
64,8,-34.0,24.73,1554221302,68,63.68,Kruisfontein,ZA,12.21
65,32,10.2,122.99,1554221303,85,76.91,Isabela,PH,4.61
66,0,8.08,77.57,1554221303,99,85.64,Kanniyakumari,IN,10.42
67,0,-0.6,73.08,1554221195,100,84.65,Hithadhoo,MV,9.19
68,64,45.6,-0.6,1554221180,87,60.01,Souillac,FR,19.46
69,1,29.7,-91.21,1554221010,44,62.01,Morgan City,US,10.29
70,44,-8.93,125.41,1554221304,86,69.62,Airai,TL,0.69
71,20,-0.74,-90.35,1554220880,78,82.4,Puerto Ayora,EC,9.17
72,0,-20.73,139.49,1554219000,56,71.6,Mount Isa,AU,9.75
73,90,48.72,-86.38,1554217200,80,32.0,Marathon,CA,5.82
74,75,50.7,-127.42,1554220800,65,46.4,Port Hardy,CA,2.24
75,1,50.23,-63.6,1554217200,58,28.4,Havre-Saint-Pierre,CA,25.28
76,40,42.65,-73.75,1554221224,28,48.0,Albany,US,16.11
77,0,-17.73,-39.27,1554221306,100,80.42,Caravelas,BR,7.52
78,90,40.82,49.47,1554219000,76,51.8,Suraabad,AZ,3.36
79,8,8.96,38.73,1554221253,55,66.92,Lebu,ET,4.72
80,40,-20.25,-43.81,1554221294,51,84.2,Praia,BR,5.82
81,75,55.74,-97.86,1554217200,72,10.4,Thompson,CA,11.41
82,92,3.07,172.79,1554221191,100,78.17,Butaritari,KI,9.98
83,0,-46.13,167.69,1554220807,88,46.0,Tuatapere,NZ,4.94
84,40,10.24,-61.45,1554221108,55,87.8,Esperance,TT,16.11
85,90,-29.95,-71.34,1554217200,77,62.6,Coquimbo,CL,2.24
86,80,19.71,-155.08,1554221069,86,68.0,Hilo,US,1.99
87,20,-6.13,12.37,1554217200,70,91.4,Soyo,AO,8.05
88,75,69.44,-133.03,1554219000,77,1.4,Tuktoyaktuk,CA,12.75
89,0,-46.43,-67.52,1554221308,37,68.36,Mar del Plata,AR,19.82
90,0,14.9,-24.5,1554221283,93,72.14,Sao Filipe,CV,14.0
91,0,7.14,40.71,1554221309,25,81.05,Ginir,ET,7.85
92,0,11.47,49.87,1554221309,66,80.42,Qandala,SO,2.93
93,48,-34.53,20.04,1554220876,70,66.0,Bredasdorp,ZA,10.0
94,20,-9.8,-139.03,1554221310,100,82.04,Atuona,PF,10.65
95,75,60.91,-46.05,1554216600,56,42.8,Narsaq,GL,33.33
96,20,37.19,10.18,1554217200,56,68.0,Rafraf,TN,6.93
97,20,71.64,128.87,1554221262,62,3.56,Tiksi,RU,2.59
98,20,38.56,-89.9,1554221296,50,55.99,Shiloh,US,11.41
99,68,22.12,106.89,1554221312,92,69.08,Xiashi,CN,4.94
100,20,13.22,-59.52,1554217200,58,84.2,Bathsheba,BB,25.28
101,20,-23.58,149.07,1554221312,63,71.42,Bluff,AU,8.75
102,90,-17.65,-71.34,1554217200,64,73.4,Ilo,PE,4.7
103,75,31.63,-7.99,1554219000,49,71.6,Marrakesh,MA,6.93
104,75,63.75,-68.52,1554220929,76,-5.01,Iqaluit,CA,26.4
105,0,44.93,127.16,1554221313,43,22.37,Wuchang,CN,7.63
106,20,36.31,139.8,1554221157,74,44.01,Oyama,JP,1.12
107,1,47.32,-119.55,1554221236,56,44.6,Ephrata,US,8.05
108,92,-8.9,-35.15,1554221314,93,82.13,Sao Jose da Coroa Grande,BR,6.96
109,20,45.25,77.98,1554221314,75,45.86,Ushtobe,KZ,4.05
110,8,50.72,136.64,1554221314,67,15.71,Solnechnyy,RU,3.49
111,68,-26.75,-55.27,1554221315,68,82.4,Edelira,PY,2.93
112,24,-3.59,26.67,1554221315,50,90.5,Kampene,CD,1.59
113,0,-30.97,22.13,1554221274,9,77.27,Carnarvon,ZA,4.5
114,0,8.41,48.48,1554221109,30,89.87,Garowe,SO,4.38
115,0,-20.63,-46.0,1554221204,68,80.51,Ponta do Sol,BR,5.17
116,20,-34.61,-58.36,1554221308,78,87.01,Puerto Madero,AR,6.93
117,40,-15.19,12.15,1554217200,62,84.2,Namibe,AO,12.75
118,20,-16.03,35.5,1554217200,47,80.6,Mulanje,MW,6.93
119,68,-2.57,150.8,1554221317,98,84.47,Kavieng,PG,10.2
120,75,70.07,29.75,1554218400,83,32.0,Vadso,NO,8.05
121,100,-38.37,178.3,1554221317,94,57.47,Tolaga Bay,NZ,14.67
122,80,28.06,95.33,1554221317,97,54.95,Pasighat,IN,1.7
123,40,38.18,-1.13,1554221258,72,72.0,Fortuna,ES,4.7
124,40,37.72,-25.43,1554221300,67,60.8,Vila Franca do Campo,PT,18.34
125,0,-23.7,133.88,1554220800,28,55.4,Alice Springs,AU,4.7
126,0,41.42,-6.55,1554221244,29,66.47,Saldanha,PT,9.86
127,90,22.08,-159.32,1554220852,78,71.6,Kapaa,US,13.87
128,0,52.8,104.75,1554219000,69,32.0,Ust-Ordynskiy,RU,8.95
129,76,-9.65,120.26,1554221302,100,73.13,Waingapu,ID,2.59
130,90,58.81,-122.69,1554218220,92,28.4,Fort Nelson,CA,5.82
131,0,54.43,31.9,1554221278,56,45.95,Sobolevo,RU,8.52
132,64,66.77,123.37,1554221293,77,25.88,Zhigansk,RU,7.4
133,40,55.1,-105.3,1554217200,61,17.6,La Ronge,CA,16.11
134,0,15.34,74.49,1554221320,54,80.06,Vaini,IN,6.51
135,8,-15.77,128.74,1554220800,64,69.8,Kununurra,AU,5.82
136,92,47.57,46.72,1554221320,92,43.07,Tsagan Aman,RU,11.32
137,24,-34.58,150.85,1554221105,93,60.01,Flinders,AU,2.24
138,76,62.11,42.91,1554221321,75,36.05,Shenkursk,RU,5.5
139,36,-20.21,25.26,1554221321,15,93.65,Gweta,BW,11.99
140,20,-21.64,-41.05,1554217200,45,86.0,Sao Joao da Barra,BR,5.82
141,8,-0.61,30.65,1554221321,70,75.65,Mbarara,UG,4.83
142,20,17.65,83.27,1554219000,79,84.2,Yarada,IN,8.05
143,75,39.31,-74.98,1554221311,57,53.01,Port Elizabeth,US,17.22
144,40,-51.62,-69.22,1554217200,51,59.0,Rio Gallegos,AR,12.75
145,80,27.93,96.16,1554221322,86,53.51,Tezu,IN,1.36
146,90,65.61,-37.64,1554216600,85,23.0,Tasiilaq,GL,21.92
147,0,77.48,-69.36,1554221322,73,-3.46,Qaanaaq,GL,10.2
148,0,21.43,39.83,1554221322,12,81.5,Mecca,SA,8.75
149,90,42.62,-113.68,1554220380,65,46.4,Rupert,US,13.87
150,0,6.71,-61.64,1554221323,48,85.64,El Dorado,VE,3.6
151,20,41.89,12.48,1554221284,59,64.4,Rome,IT,10.29
152,40,45.36,-73.48,1554221117,38,42.01,Saint-Philippe,CA,10.29
153,20,50.04,-110.68,1554220887,80,37.0,Medicine Hat,CA,4.7
154,44,61.94,76.66,1554221324,73,28.4,Novoagansk,RU,10.65
155,20,-5.81,-35.21,1554220800,55,91.4,Natal,BR,11.41
156,0,28.58,77.04,1554219008,30,90.0,Dwarka,IN,5.82
157,75,32.3,-64.78,1554220813,68,69.8,Hamilton,BM,21.92
158,0,72.79,-56.15,1554221234,100,12.47,Upernavik,GL,17.36
159,8,-34.48,-54.34,1554221325,75,79.52,Rocha,UY,6.51
160,0,-45.41,167.72,1554221247,88,29.03,Te Anau,NZ,3.49
161,0,-45.87,170.5,1554221073,92,46.99,Dunedin,NZ,1.01
162,40,-42.48,-73.76,1554217200,67,59.0,Castro,CL,11.41
163,20,24.63,46.72,1554217200,25,73.4,Riyadh,SA,10.29
164,80,71.97,114.09,1554221326,83,24.98,Saskylakh,RU,6.17
165,80,-39.89,176.62,1554220936,84,48.0,Otane,NZ,5.06
166,75,66.15,-65.72,1554217200,50,8.6,Pangnirtung,CA,6.93
167,76,-26.98,-56.83,1554221207,75,80.6,San Patricio,PY,4.61
168,68,40.67,33.6,1554221327,33,48.83,Ayan,TR,2.82
169,32,45.05,136.61,1554221327,86,31.28,Terney,RU,7.63
170,40,-41.87,-73.83,1554217200,67,59.0,Ancud,CL,11.41
171,76,-1.2,-46.02,1554221231,98,80.69,Carutapera,BR,4.38
172,75,36.95,36.2,1554221092,76,63.0,Erzin,TR,4.05
173,0,64.25,-15.21,1554221328,100,34.07,Hofn,IS,23.4
174,75,69.22,-51.1,1554216600,63,26.6,Ilulissat,GL,2.24
175,40,-3.71,-38.6,1554220800,66,86.0,Vila Velha,BR,10.29
176,40,41.28,20.71,1554219000,33,60.8,Poum,MK,11.41
177,0,20.27,100.41,1554221238,83,81.0,Chiang Khong,LA,4.16
178,20,-8.65,115.22,1554219000,79,84.2,Denpasar,ID,6.93
179,0,28.27,79.16,1554221330,47,78.8,Aonla,IN,3.83
180,8,51.07,132.56,1554221330,61,13.28,Novyy Urgal,RU,2.71
181,90,68.22,-135.01,1554218160,71,5.0,Aklavik,CA,10.29
182,90,43.97,-111.68,1554221156,56,45.0,Saint Anthony,US,3.36
183,92,54.37,60.01,1554221330,91,34.25,Uyskoye,RU,6.96
184,36,4.92,6.26,1554221331,100,83.3,Yenagoa,NG,6.96
185,75,-20.34,57.76,1554221040,83,80.6,Bambous Virieux,MU,6.96
186,80,57.96,102.73,1554221331,56,32.18,Ust-Ilimsk,RU,7.4
187,40,37.63,-1.0,1554221129,68,72.0,Cartagena,ES,11.41
188,20,22.89,-109.91,1554221141,40,80.01,Cabo San Lucas,MX,7.18
189,0,9.49,50.81,1554221332,100,80.24,Bandarbeyla,SO,9.08
190,40,37.89,58.52,1554217200,60,68.0,Annau,TM,4.7
191,92,36.37,30.29,1554221332,94,43.97,Kumluca,TR,0.69
192,0,43.9,22.28,1554221332,52,56.3,Zajecar,RS,11.54
193,20,43.52,20.24,1554219000,29,66.2,Mana,RS,11.41
194,75,26.35,127.87,1554219000,48,64.4,Gushikawa,JP,5.82
195,0,-42.78,147.06,1554221295,62,59.0,New Norfolk,AU,10.29
196,20,-8.83,13.24,1554217200,74,87.8,Luanda,AO,8.05
197,36,37.17,-99.65,1554221225,59,47.21,Sitka,US,9.75
198,1,30.3,-99.24,1554221253,38,61.0,Harper,US,10.29
199,0,63.44,-20.27,1554217200,59,33.8,Vestmannaeyjar,IS,26.4
200,40,38.52,-28.7,1554219000,59,60.8,Ribeira Grande,PT,16.11
201,8,5.94,-56.99,1554221336,84,83.93,Nieuw Nickerie,SR,11.54
202,90,39.95,-94.76,1554221123,69,46.99,Kodiak,US,10.29
203,0,59.7,30.79,1554221136,44,41.0,Nikolskoye,RU,11.18
204,12,11.0,122.67,1554221240,83,77.18,Dingle,PH,11.21
205,48,18.53,98.94,1554220812,45,87.8,Pa Sang,TH,3.36
206,8,-0.9,119.87,1554221337,95,65.75,Palu,ID,1.59
207,76,8.2,-59.78,1554221337,80,80.33,Mabaruma,GY,5.73
208,0,43.56,6.97,1554221283,59,64.4,Saint-Joseph,FR,4.7
209,0,62.23,-6.59,1554218400,69,37.4,Klaksvik,FO,20.8
210,0,52.12,9.98,1554221321,42,63.0,Marienburg,DE,12.75
211,0,55.75,38.0,1554221140,35,44.01,Zheleznodorozhnyy,RU,8.95
212,0,57.84,108.35,1554221338,68,25.79,Alekseyevsk,RU,5.06
213,90,45.36,-85.1,1554221336,93,37.99,Bay Shore,US,3.36
214,75,78.22,15.63,1554218400,72,10.4,Longyearbyen,NO,3.36
215,20,20.87,-156.68,1554221079,69,73.4,Lahaina,US,9.17
216,76,-2.67,141.3,1554221339,100,83.03,Vanimo,PG,19.04
217,0,3.94,41.86,1554221339,20,99.59,Mandera,ET,3.27
218,92,61.99,-49.67,1554221340,83,36.68,Paamiut,GL,54.16
219,75,-28.65,153.62,1554221116,93,66.2,Byron Bay,AU,11.41
220,40,34.92,32.53,1554220865,82,60.8,Lasa,CY,4.7
221,90,-7.84,-79.15,1554217800,94,68.0,Chicama,PE,8.05
222,0,12.35,29.25,1554221274,15,91.58,Abu Zabad,SD,11.43
223,0,49.46,11.54,1554221275,30,69.01,Thalheim,DE,5.82
224,12,13.76,-10.85,1554221341,29,103.01,Mahina,ML,3.94
225,12,63.9,122.77,1554221341,78,24.26,Kysyl-Syr,RU,5.73
226,0,10.57,72.64,1554221278,100,84.2,Kavaratti,IN,9.64
227,40,29.83,106.43,1554217200,87,57.2,Beibei,CN,4.47
228,24,66.83,70.83,1554221342,75,20.84,Yar-Sale,RU,15.23
229,0,51.3,13.11,1554221342,38,64.0,Oschatz,DE,13.87
230,56,68.75,161.3,1554221342,76,29.48,Cherskiy,RU,7.52
231,76,65.58,-170.99,1554221343,91,23.54,Lavrentiya,RU,4.94
232,80,65.85,44.24,1554221343,76,34.79,Mezen,RU,6.29
233,0,-15.0,22.67,1554221344,23,92.84,Kalabo,ZM,7.52
234,20,-45.58,-72.07,1554217200,54,57.2,Coihaique,CL,26.4
235,20,22.41,-80.29,1554216600,61,82.4,Lajas,CU,5.82
236,48,69.38,178.42,1554221345,82,10.13,Leningradskiy,RU,9.98
237,0,-24.69,44.75,1554221346,38,85.28,Ampanihy,MG,8.75
238,64,57.31,88.17,1554221346,75,36.23,Teguldet,RU,13.11
239,92,60.14,-45.24,1554221346,94,34.07,Nanortalik,GL,42.08
240,68,20.87,-90.4,1554221346,96,77.72,Celestun,MX,11.65
241,32,19.93,-105.25,1554221347,80,68.72,Tomatlan,MX,3.49
242,36,24.8,125.28,1554221347,100,70.7,Hirara,JP,18.48
243,12,-21.2,24.86,1554221347,15,93.92,Mopipi,BW,11.54
244,90,40.67,-111.89,1554221345,61,55.0,Murray,US,5.82
245,75,5.43,7.07,1554217200,66,91.4,Naze,NG,16.11
246,0,7.98,49.82,1554221348,85,81.86,Eyl,SO,8.52
247,20,29.06,-13.56,1554219000,82,68.0,Teguise,ES,14.99
248,40,32.25,54.02,1554217200,16,73.4,Meybod,IR,16.11
249,12,57.54,26.69,1554221349,60,46.04,Ape,EE,4.27
250,88,54.43,119.94,1554221349,78,23.63,Tupik,RU,4.27
251,75,-0.99,-77.82,1554217200,94,84.2,Tena,EC,1.12
252,24,5.56,95.32,1554221287,100,75.74,Banda Aceh,ID,2.71
253,90,41.11,-90.16,1554221299,71,52.0,Altona,US,12.75
254,0,64.86,11.24,1554221102,52,42.8,Rorvik,NO,8.05
255,90,40.8,-124.16,1554221232,87,55.99,Eureka,US,3.36
256,0,57.03,34.18,1554221351,48,42.98,Kuvshinovo,RU,8.52
257,0,39.83,118.12,1554221352,33,41.9,Fengrun,CN,11.77
258,56,51.67,135.7,1554221354,75,17.24,Berezovyy,RU,2.37
259,0,15.46,6.28,1554221357,13,104.18,Abalak,NE,11.65
260,0,60.75,-137.51,1554221357,66,11.75,Haines Junction,CA,1.7
261,76,-13.85,136.42,1554217200,88,80.6,Alyangula,AU,2.24
262,0,2.82,-60.67,1554220800,32,95.0,Boa Vista,BR,9.17
263,5,39.62,-77.74,1554221345,45,48.2,Vardo,US,5.28
264,76,-2.9,-40.84,1554221360,94,82.58,Camocim,BR,5.73
265,40,-7.47,-34.81,1554217200,66,87.8,Pitimbu,BR,9.17
266,0,27.18,31.19,1554217200,35,69.8,Asyut,EG,4.7
267,32,-35.17,173.16,1554221242,99,58.73,Ahipara,NZ,10.98
268,0,46.12,-70.67,1554220854,56,37.0,Saint-Georges,CA,5.01
269,90,36.62,-121.92,1554221315,93,57.99,Pacific Grove,US,4.5
270,75,23.99,-104.67,1554220817,47,63.0,Constitucion,MX,10.29
271,75,65.28,-126.83,1554217200,66,12.2,Norman Wells,CA,9.17
272,8,22.68,-3.98,1554221362,22,92.48,Taoudenni,ML,9.64
273,76,6.37,126.17,1554221362,100,79.88,Pundaguitan,PH,6.62
274,36,15.12,108.8,1554221113,95,71.6,Quang Ngai,VN,2.15
275,0,52.04,76.93,1554219000,81,42.8,Aksu,KZ,8.95
276,32,-9.11,124.89,1554221362,100,74.75,Atambua,ID,2.93
277,0,0.53,72.93,1554221363,100,84.65,Thinadhoo,MV,7.18
278,0,48.07,6.88,1554221102,24,69.01,Gerardmer,FR,16.11
279,88,-3.36,135.5,1554221242,94,68.18,Nabire,ID,1.92
280,40,42.77,-9.06,1554221338,66,60.01,Muros,ES,12.75
281,92,3.52,15.05,1554221364,97,69.35,Yokadouma,CM,0.58
282,0,-4.43,26.67,1554221364,34,95.54,Kasongo,CD,2.93
283,40,-0.92,100.36,1554217200,83,82.4,Padang,ID,2.24
284,75,60.72,-46.03,1554216600,56,42.8,Qaqortoq,GL,33.33
285,20,4.42,-7.36,1554221365,96,86.45,Tabou,CI,7.74
286,24,11.41,-69.67,1554221365,66,83.39,Coro,VE,12.44
287,20,27.97,-114.04,1554221366,77,56.75,Guerrero Negro,MX,1.59
288,24,-14.47,132.26,1554220800,65,77.0,Katherine,AU,5.82
289,0,36.69,52.52,1554217200,56,68.0,Fereydun Kenar,IR,9.17
290,40,50.71,-1.5,1554221228,57,50.0,Yarmouth,GB,4.7
291,0,-16.7,-151.02,1554221366,97,84.56,Fare,PF,9.98
292,0,-22.95,14.51,1554220931,44,75.2,Walvis Bay,NA,10.29
293,90,-33.02,27.91,1554217200,93,60.8,East London,ZA,4.7
294,40,-2.99,104.76,1554219000,88,78.8,Palembang,ID,6.93
295,0,51.68,102.13,1554221367,74,26.69,Kyren,RU,3.94
296,75,42.0,41.78,1554219000,76,48.2,Ureki,GE,13.87
297,0,63.84,-22.43,1554219000,100,33.8,Grindavik,IS,17.22
298,8,32.99,105.33,1554221368,91,41.9,Weihe,CN,2.04
299,24,49.03,104.04,1554221368,64,31.28,Erdenet,MN,1.59
300,90,35.31,-78.61,1554221251,100,39.2,Dunn,US,6.93
301,1,55.34,-131.65,1554216960,80,41.0,Ketchikan,US,5.82
302,90,45.52,-122.67,1554221188,76,54.0,Portland,US,2.59
303,40,43.27,-7.54,1554221341,66,55.99,Bereda,ES,10.29
304,8,20.88,95.86,1554221369,74,72.68,Meiktila,MM,9.08
305,0,49.86,12.22,1554221366,44,66.0,Falkenberg,DE,9.17
306,48,48.81,103.53,1554221370,65,32.54,Bulgan,MN,2.48
307,75,12.41,-12.29,1554217200,31,100.4,Segou,SN,9.17
308,40,52.02,-113.95,1554220815,75,37.99,Innisfail,CA,4.7
309,92,30.29,109.48,1554221371,97,48.92,Enshi,CN,2.59
310,20,-8.42,20.74,1554221285,61,85.73,Lucapa,AO,4.16
311,56,7.53,-12.5,1554221371,85,83.66,Bonthe,SL,4.72
312,20,55.15,124.74,1554221372,65,13.1,Tynda,RU,2.48
313,8,55.93,110.1,1554221372,62,9.77,Kichera,RU,2.37
314,0,22.72,89.08,1554219000,88,82.4,Satkhira,BD,14.99
315,1,20.89,-156.47,1554221079,100,69.01,Kahului,US,13.87
316,75,-39.81,-73.25,1554217200,77,62.6,Valdivia,CL,5.82
317,12,10.59,122.14,1554221373,83,77.18,San Joaquin,PH,11.21
318,40,-0.72,8.78,1554217200,66,89.6,Port-Gentil,GA,9.17
319,20,59.36,143.24,1554221373,88,23.09,Okhotsk,RU,3.83
320,0,30.78,78.62,1554221246,92,46.85,Lata,IN,0.36
321,92,61.92,159.24,1554221374,86,33.17,Evensk,RU,10.31
322,0,-16.48,-151.75,1554221374,100,84.38,Faanui,PF,10.98
323,0,-43.3,-65.11,1554221374,28,73.67,Rawson,AR,22.73
324,0,-33.69,-53.46,1554221375,99,77.72,Chuy,UY,6.4
325,0,0.12,-76.97,1554217200,83,84.2,Samana,EC,4.7
326,1,46.41,-105.84,1554221181,86,42.01,Miles City,US,10.29
327,44,-23.53,148.16,1554220969,77,68.0,Emerald,AU,4.7
328,0,18.74,7.39,1554221312,27,98.69,Arlit,NE,1.81
329,75,49.72,-86.95,1554217200,55,35.6,Geraldton,CA,14.99
330,90,36.97,-122.03,1554221176,93,57.99,Santa Cruz,US,3.15
331,20,22.93,97.75,1554221378,96,61.52,Lashio,MM,2.04
332,20,35.74,139.53,1554221349,52,44.01,Nishihara,JP,12.75
333,1,54.32,-130.32,1554217200,92,37.4,Prince Rupert,CA,4.7
334,0,7.42,81.82,1554221347,80,79.25,Kalmunai,LK,5.61
335,1,64.84,-147.72,1554221210,92,33.01,Fairbanks,US,4.7
336,68,55.38,91.62,1554221379,49,47.12,Balakhta,RU,17.36
337,92,46.42,3.91,1554220838,58,59.0,Saint-Francois,FR,9.17
338,88,-21.04,-57.87,1554221380,78,84.38,Fuerte Olimpo,BR,10.42
339,0,57.37,22.59,1554218400,27,51.8,Valdemarpils,LV,9.17
340,8,-18.17,-47.95,1554221380,67,83.48,Catalao,BR,9.31
341,80,7.99,-10.85,1554221381,79,83.57,Daru,SL,6.4
342,24,35.54,106.68,1554221381,65,46.22,Pingliang,CN,5.84
343,0,60.75,42.05,1554221381,89,32.18,Verkhovazhye,RU,8.3
344,92,9.35,42.8,1554221381,30,79.52,Jijiga,ET,2.48
345,48,59.58,151.3,1554221382,84,28.76,Ola,RU,12.77
346,0,48.65,-53.11,1554220948,44,36.0,Bonavista,CA,21.99
347,20,38.7,-9.42,1554221219,68,70.0,Cascais,PT,14.99
348,0,-35.1,173.78,1554221285,92,50.0,Kaeo,NZ,6.4
349,1,21.39,-158.15,1554221134,88,71.6,Nanakuli,US,4.7
350,75,-20.01,57.66,1554221040,83,80.6,Grand Gaube,MU,7.29
351,92,50.14,48.57,1554221383,95,37.49,Aleksandrov Gay,RU,16.91
352,0,46.83,29.88,1554221383,27,50.9,Frunze,UA,14.34
353,56,51.75,-3.38,1554221346,65,50.0,Merthyr Tydfil,GB,19.46
354,40,18.22,42.5,1554217200,59,68.0,Abha,SA,10.29
355,56,48.95,4.24,1554221224,76,57.2,Saint-Pierre,FR,9.17
356,0,49.17,125.23,1554221385,48,19.22,Nenjiang,CN,3.71
357,100,-38.66,178.02,1554220808,97,54.0,Gisborne,NZ,5.01
358,44,2.1,99.83,1554221385,88,73.58,Rantauprapat,ID,2.48
359,0,-14.66,17.68,1554221372,18,90.5,Menongue,AO,4.27
360,20,-32.03,-52.1,1554217200,58,84.2,Rio Grande,BR,3.71
361,80,44.18,66.74,1554221386,59,58.91,Shieli,KZ,15.57
362,0,43.31,129.76,1554221386,49,20.48,Wangqing,CN,4.5
363,40,-5.2,-35.46,1554220800,55,89.6,Touros,BR,11.41
364,75,-11.38,43.28,1554217200,88,78.8,Mitsamiouli,KM,9.17
365,12,15.79,120.99,1554221139,92,69.62,San Jose,PH,2.48
366,40,64.73,177.51,1554220955,86,26.6,Anadyr,RU,4.47
367,32,11.94,-8.41,1554221387,37,98.6,Kangaba,ML,6.73
368,0,-16.78,-151.5,1554221388,97,84.56,Tevaitoa,PF,9.98
369,76,-9.43,159.96,1554221353,100,74.84,Honiara,SB,0.36
370,0,-26.65,15.16,1554221221,77,64.31,Luderitz,NA,11.21
371,64,34.9,108.95,1554217200,66,48.2,Tongchuan,CN,2.24
372,0,21.63,81.7,1554217200,27,87.8,Simga,IN,2.24
373,75,54.08,-0.19,1554221344,75,46.99,Bridlington,GB,6.93
374,32,-10.34,-67.19,1554221389,75,87.62,Placido de Castro,BR,2.93
375,0,52.4,17.23,1554221342,26,60.01,Kostrzyn,PL,21.92
376,5,15.74,-96.47,1554220804,62,87.01,Pochutla,MX,1.48
377,1,27.91,-97.15,1554221300,59,66.2,Aransas Pass,US,9.17
378,80,55.72,93.76,1554221390,55,46.94,Shalinskoye,RU,17.02
379,40,-34.46,-58.91,1554221308,74,87.01,Pilar,AR,8.05
380,5,15.86,-97.07,1554216060,58,82.4,Puerto Escondido,MX,2.48
381,0,-37.83,147.63,1554221347,92,53.01,Bairnsdale,AU,1.01
382,12,64.42,-173.23,1554221299,100,22.64,Provideniya,RU,10.2
383,0,6.3,120.58,1554221391,97,82.4,Simbahan,PH,11.43
384,0,21.46,-71.14,1554221122,100,77.63,Cockburn Town,TC,12.33
385,0,-35.94,173.86,1554221391,81,54.77,Dargaville,NZ,8.19
386,0,37.57,126.98,1554219000,75,41.0,Seoul,KR,10.29
387,75,35.55,133.23,1554220999,100,37.4,Sakaiminato,JP,4.7
388,80,39.96,-0.26,1554221285,82,64.99,Onda,ES,3.36
389,0,52.7,115.17,1554221392,34,29.84,Verkh-Usugli,RU,9.75
390,0,4.89,-1.75,1554221393,90,86.0,Takoradi,GH,9.42
391,88,67.62,33.66,1554221393,77,34.25,Kirovsk,RU,5.5
392,44,-10.62,150.67,1554221254,100,81.32,Samarai,PG,6.73
393,88,65.8,87.96,1554221393,90,30.47,Turukhansk,RU,10.42
394,75,10.31,119.01,1554217200,78,82.4,Caruray,PH,4.7
395,92,20.52,-13.05,1554217200,67,87.8,Atar,MR,13.87
396,75,-19.98,57.61,1554221341,83,80.6,Cap Malheureux,MU,7.29
397,40,14.54,-61.04,1554219000,65,82.4,Les Trois-Ilets,MQ,21.92
398,20,-23.87,35.38,1554217200,61,82.4,Inhambane,MZ,9.17
399,88,-6.6,147.85,1554221394,97,73.85,Finschhafen,PG,2.04
400,1,33.16,-94.97,1554220999,50,59.0,Mount Pleasant,US,4.7
401,0,12.18,6.51,1554221280,15,102.02,Auki,NG,17.02
402,0,65.73,150.89,1554221303,81,3.74,Zyryanka,RU,3.27
403,0,32.18,76.38,1554221396,61,49.64,Yol,IN,2.26
404,12,-36.9,-62.36,1554221396,49,79.16,Alamos,AR,13.56
405,64,-8.35,113.61,1554221397,100,77.99,Ambulu,ID,2.48
406,75,17.54,44.22,1554217200,37,82.4,Najran,SA,2.24
407,90,38.03,-107.32,1554221108,47,35.6,Lake City,US,3.36
408,75,55.28,-114.77,1554220800,74,30.2,Slave Lake,CA,13.87
409,44,66.56,67.8,1554221341,81,21.56,Aksarka,RU,13.22
410,75,48.81,3.08,1554221341,76,57.99,Coulommiers,FR,19.46
411,8,-22.4,46.13,1554221198,29,80.6,Ihosy,MG,4.72
412,75,0.61,-80.02,1554217200,94,78.8,Muisne,EC,3.36
413,75,-2.98,-65.16,1554217200,83,82.4,Uarini,BR,6.93
414,5,20.71,-105.21,1554221110,94,78.01,Ixtapa,MX,2.59
415,0,54.44,113.59,1554221399,43,18.95,Bagdarin,RU,7.18
416,5,16.86,-99.88,1554216120,47,80.6,Acapulco,MX,4.7
417,0,13.06,44.88,1554221400,47,85.1,Lahij,YE,6.4
418,32,5.96,124.67,1554221400,100,73.22,Tambilil,PH,1.36
419,44,32.12,20.07,1554221400,98,61.7,Benghazi,LY,20.71
420,80,63.05,179.32,1554221401,94,26.24,Beringovskiy,RU,11.54
421,0,14.69,-16.54,1554219000,39,82.4,Gat,SN,19.46
422,12,64.52,34.76,1554221401,68,41.18,Belomorsk,RU,9.42
423,12,14.07,98.19,1554221402,88,76.64,Dawei,MM,1.7
424,75,69.65,18.96,1554220945,94,39.2,Tromso,NO,24.16
425,75,70.47,-68.59,1554217200,91,1.4,Clyde River,CA,34.45
426,0,18.69,12.92,1554221403,16,95.9,Bilma,NE,7.96
427,80,42.92,143.2,1554221311,83,22.46,Obihiro,JP,2.71
428,8,63.91,38.09,1554221403,78,35.51,Onega,RU,8.41
429,0,22.62,71.45,1554221404,17,89.78,Muli,IN,6.62
430,32,1.24,111.46,1554217200,94,77.0,Sri Aman,MY,2.24
431,0,69.3,139.9,1554221405,55,-6.52,Deputatskiy,RU,3.94
432,12,35.3,37.18,1554221303,85,55.85,Abu Samrah,SY,10.87
433,0,23.26,68.83,1554221405,36,85.19,Naliya,IN,9.08
434,40,48.64,13.53,1554221402,37,66.99,Wanning,AT,9.17
435,40,27.52,-110.01,1554216120,34,68.0,Laguna,MX,4.7
436,0,18.9,-3.53,1554221407,20,99.68,Araouane,ML,11.65
437,0,-36.8,-72.03,1554217200,56,71.6,San Ignacio,CL,16.11
438,0,-35.62,174.5,1554221285,92,50.0,Ngunguru,NZ,13.44
439,24,-18.59,-39.73,1554221122,84,81.32,Conceicao da Barra,BR,4.16
440,20,44.3,86.03,1554221408,49,56.12,Shihezi,CN,5.95
441,12,-11.1,-77.61,1554221206,77,72.59,Hualmay,PE,4.05
442,0,2.04,45.34,1554221381,100,83.21,Mogadishu,SO,12.66
443,0,-20.3,44.28,1554221409,74,84.38,Morondava,MG,7.96
444,75,46.98,-95.91,1554221325,98,41.0,Callaway,US,21.92
445,20,28.5,-13.86,1554219000,73,69.8,Puerto del Rosario,ES,16.11
446,20,15.88,108.33,1554219000,88,77.0,Hoi An,VN,2.24
447,40,57.48,-4.23,1554221406,65,46.0,Inverness,GB,11.41
448,0,27.59,68.0,1554221411,24,89.87,Kambar,PK,7.63
449,92,-8.49,140.4,1554221305,100,77.27,Merauke,ID,5.84
450,44,33.37,134.14,1554221411,100,43.34,Muroto,JP,10.54
451,8,51.68,79.77,1554221411,51,48.56,Malinovoye Ozero,RU,5.95
452,36,64.48,76.69,1554221258,82,23.0,Purpe,RU,4.0
453,88,-10.07,-78.15,1554221412,74,72.95,Huarmey,PE,3.38
454,68,70.62,147.9,1554221412,77,4.91,Chokurdakh,RU,3.38
455,68,-14.86,-66.75,1554221412,89,79.43,San Borja,BO,2.71
456,0,57.82,26.93,1554221328,29,48.2,Juba,EE,4.7
457,48,44.83,-0.61,1554221180,67,61.0,Saint-Augustin,FR,16.11
458,92,21.28,-97.45,1554221413,100,65.3,Tamiahua,MX,13.0
459,20,17.01,54.1,1554216600,69,82.4,Salalah,OM,9.17
460,0,34.7,138.93,1554221411,36,41.0,Shimoda,JP,19.15
461,75,40.74,-73.08,1554221413,45,48.99,Sayville,US,13.87
462,0,29.28,82.18,1554221377,89,27.59,Jumla,NP,2.93
463,75,3.17,113.03,1554217200,94,75.2,Bintulu,MY,3.04
464,36,-0.87,134.08,1554221241,97,82.22,Manokwari,ID,13.0
465,44,-2.54,115.51,1554221414,95,73.49,Labuhan,ID,2.37
466,92,32.21,119.46,1554221357,59,57.99,Zhenjiang,CN,2.71
467,44,6.3,-70.2,1554221415,78,81.68,Cravo Norte,CO,12.66
468,56,-23.95,31.14,1554217200,93,66.2,Phalaborwa,ZA,9.17
469,8,13.64,-88.78,1554221156,52,87.8,San Vicente,SV,5.82
470,0,27.87,-0.29,1554217200,18,87.8,Adrar,DZ,6.93
471,92,-28.95,153.24,1554221116,82,66.2,Codrington,AU,9.17
472,75,53.65,-115.58,1554217200,61,32.0,Mackay,CA,4.7
473,90,43.11,0.72,1554221414,66,61.0,Saint-Gaudens,FR,14.99
474,75,-13.74,-72.9,1554217200,57,51.8,Matara,PE,2.37
475,90,44.08,-80.2,1554221416,39,44.6,Shelburne,CA,14.99
476,0,26.54,-77.06,1554221122,96,76.91,Marsh Harbour,BS,13.89
477,20,8.64,-83.17,1554221165,82,84.65,Golfito,CR,2.82
478,90,37.46,-122.43,1554221416,93,57.0,Half Moon Bay,US,6.93
479,0,-31.97,141.45,1554217200,45,62.6,Broken Hill,AU,6.93
480,92,65.42,-52.9,1554221419,92,34.25,Maniitsoq,GL,8.41
481,32,1.51,21.07,1554221419,63,88.34,Bongandanga,CD,2.59
482,92,28.97,118.86,1554221216,97,50.9,Quzhou,CN,6.29
483,40,34.78,32.57,1554220893,82,60.8,Nata,CY,4.7
484,0,7.38,8.57,1554221419,33,102.02,Yaan,NG,4.72
485,75,36.97,46.1,1554217200,70,48.2,Miandoab,IR,9.17
486,1,30.53,-92.08,1554221404,47,60.8,Opelousas,US,3.36
487,92,42.54,1.52,1554221416,76,62.01,La Massana,FR,2.15
488,48,-14.9,50.28,1554221306,84,82.67,Antalaha,MG,7.96
489,76,-5.67,132.75,1554221420,100,81.5,Tual,ID,17.25
490,88,-4.06,144.07,1554221421,95,77.0,Angoram,PG,2.59
491,0,30.75,20.22,1554221421,31,77.54,Ajdabiya,LY,10.76
492,20,37.14,-8.45,1554221098,77,66.99,Lagoa,PT,6.93
493,24,-35.26,150.51,1554220882,93,60.01,Manyana,AU,2.24
494,20,-19.38,-40.06,1554221334,60,87.44,Linhares,BR,4.72
495,0,69.19,33.23,1554219000,59,37.4,Snezhnogorsk,RU,4.47
496,75,-3.35,-64.71,1554217200,83,82.4,Tefe,BR,6.93
497,48,53.94,139.92,1554221422,77,15.53,Mnogovershinnyy,RU,2.15
498,0,-25.17,45.06,1554221423,57,79.7,Beloha,MG,10.09
499,0,65.58,22.15,1554218400,69,37.4,Lulea,SE,9.17
500,0,9.31,13.39,1554217200,6,107.6,Garoua,CM,5.82
501,8,-29.13,-56.55,1554221424,64,87.8,Itaqui,BR,4.72
502,1,64.86,-147.8,1554221210,92,33.01,College,US,4.7
503,40,15.09,-87.97,1554217200,61,80.6,Amapa,HN,5.82
504,12,-37.83,140.78,1554217200,62,57.2,Mount Gambier,AU,10.29
505,92,29.3,113.14,1554221424,99,53.78,Guozhen,CN,9.64
506,0,67.46,153.71,1554221250,86,6.8,Srednekolymsk,RU,1.36
507,0,-23.13,150.74,1554219000,73,69.8,Yeppoon,AU,9.17
508,40,31.42,31.81,1554217200,67,62.6,Damietta,EG,11.41
509,24,-7.02,-45.48,1554221425,91,84.74,Sao Raimundo das Mangabeiras,BR,4.38
510,0,-5.56,-80.82,1554221291,80,75.47,Sechura,PE,8.41
511,32,-22.43,-151.33,1554221426,95,80.15,Moerai,PF,14.79
512,0,45.28,6.35,1554221424,52,64.4,Saint-Jean-de-Maurienne,FR,9.17
513,20,-10.16,123.6,1554217200,88,77.0,Kupang,ID,3.36
514,40,-0.39,-78.55,1554220880,63,66.2,San Cristobal,EC,3.36
515,92,-6.12,141.3,1554221427,97,72.68,Kiunga,PG,2.59
516,75,21.05,-89.07,1554220840,61,86.0,Teya,MX,5.82
517,20,18.22,-63.06,1554220848,61,82.99,The Valley,AI,14.99
518,44,-6.64,-51.99,1554221427,88,81.05,Sao Felix do Xingu,BR,2.71
519,20,-21.02,-48.04,1554217200,43,87.8,Pontal,BR,3.36
520,64,-9.47,-78.3,1554221428,95,68.72,Casma,PE,4.61
521,0,47.91,9.89,1554221423,31,66.99,Bad Wurzach,DE,10.29
522,92,4.95,-77.37,1554221248,94,77.99,Pizarro,CO,6.4
523,75,-4.58,-81.27,1554217200,290,62.6,Talara,PE,6.29
524,0,12.79,45.03,1554221429,97,80.87,Aden,YE,13.22
525,20,10.15,-85.45,1554217200,41,91.4,Nicoya,CR,24.16
526,90,51.22,4.12,1554221419,100,53.01,Sint-Gillis-Waas,BE,17.22
527,0,55.98,23.85,1554218400,29,48.2,Pakruojis,LT,18.34
528,75,52.47,1.45,1554221284,87,46.0,Broome,GB,11.41
529,56,62.86,42.71,1554221430,78,35.06,Bereznik,RU,5.84
530,8,8.12,-63.55,1554221431,45,89.96,Ciudad Bolivar,VE,12.66
531,0,16.28,-0.04,1554221431,13,106.25,Gao,ML,10.54
532,0,42.18,127.48,1554221431,67,14.18,Songjianghe,CN,2.48
533,75,71.03,27.85,1554216600,88,33.8,Mehamn,NO,10.29
534,32,-34.72,135.86,1554221431,79,63.77,Port Lincoln,AU,9.75
535,36,54.34,101.51,1554221432,70,36.68,Kuytun,RU,8.3
536,20,59.1,26.19,1554221432,69,38.84,Vao,EE,5.39
537,20,22.15,-80.2,1554216600,61,82.4,Cumanayagua,CU,5.82
